PerformanceID,EmployeeID,ReviewDate,Rating,Comments
1,1,2026-01-15,4,"""Consistently meets expectations."""
2,2,2026-01-18,3,"""Satisfactory, needs improvement in deadlines."""
3,3,2026-01-20,5,"""Outstanding contribution to team projects."""
4,4,2026-01-22,2,"""Below expectations; requires guidance."""
5,5,2026-01-25,4,"""Good collaboration and communication."""
6,6,2026-01-28,3,"""Meets goals but needs better time management."""
7,7,2026-02-02,5,"""Excellent leadership in recent project."""
8,8,2026-02-05,4,"""Consistent performer; reliable."""
9,9,2026-02-08,3,"""Average performance; room for improvement."""
10,10,2026-02-10,2,"""Needs to improve technical skills."""
11,11,2026-02-12,5,"""Exceeds expectations consistently."""
12,12,2026-02-15,4,"""Good problem-solving abilities."""
13,13,2026-02-18,3,"""Satisfactory work, but slow on deliverables."""
14,14,2026-02-20,2,"""Performance below team standards."""
15,15,2026-02-22,4,"""Positive attitude and collaborative."""
16,16,2026-02-25,3,"""Adequate work; needs focus on quality."""
17,17,2026-02-28,5,"""Outstanding initiative and results."""
18,18,2026-03-02,4,"""Reliable and meets expectations."""
19,19,2026-03-05,3,"""Work is acceptable, but deadlines often missed."""
20,20,2026-03-08,2,"""Requires supervision and guidance."""
21,1,2026-03-10,4,"""Strong performance on key tasks."""
22,2,2026-03-12,3,"""Needs to improve client communication."""
23,3,2026-03-15,5,"""Excellent teamwork and leadership."""
24,4,2026-03-18,2,"""Performance not meeting expectations."""
25,5,2026-03-20,4,"""Good execution and consistency."""
26,6,2026-03-22,3,"""Average performance; improve accuracy."""
27,7,2026-03-25,5,"""Exceptional contribution to department goals."""
28,8,2026-03-28,4,"""Reliable, meets deadlines consistently."""
29,9,2026-03-30,3,"""Acceptable work; minor errors noticed."""
30,10,2026-04-02,2,"""Needs improvement in key responsibilities."""
31,11,2026-04-05,5,"""Exemplary performance and leadership."""
32,12,2026-04-08,4,"""Strong attention to detail."""
33,13,2026-04-10,3,"""Meets expectations but inconsistent output."""
34,14,2026-04-12,2,"""Requires support and guidance frequently."""
35,15,2026-04-15,4,"""Good teamwork and reliability."""
36,16,2026-04-18,3,"""Average work; room for growth."""
37,17,2026-04-20,5,"""Excellent contribution to high-priority projects."""
38,18,2026-04-22,4,"""Reliable, meets all targets."""
39,19,2026-04-25,3,"""Satisfactory work; focus needed on deadlines."""
40,20,2026-04-28,2,"""Underperforming; requires mentoring."""
41,1,2026-05-02,4,"""Strong analytical skills and consistent delivery."""
42,2,2026-05-05,3,"""Satisfactory effort; needs better planning."""
43,3,2026-05-08,5,"""Outstanding contributions to team initiatives."""
44,4,2026-05-10,2,"""Performance below expected standards."""
45,5,2026-05-12,4,"""Good problem-solving and collaboration."""
46,6,2026-05-15,3,"""Acceptable work; minor mistakes noted."""
47,7,2026-05-18,5,"""Exceptional initiative and results."""
48,8,2026-05-20,4,"""Reliable performer, meets goals consistently."""
49,9,2026-05-22,3,"""Satisfactory, but improvement required."""
50,10,2026-05-25,2,"""Needs supervision and additional support."""
51,11,2026-05-28,5,"""Consistently exceeds expectations and mentors peers."""
52,12,2026-06-02,4,"""Strong team collaboration and delivery."""
53,13,2026-06-05,3,"""Meets minimum expectations; needs initiative."""
54,14,2026-06-08,2,"""Struggles with deadlines and accuracy."""
55,15,2026-06-10,4,"""Good communication and accountability."""
56,16,2026-06-12,3,"""Average performance; consistency required."""
57,17,2026-06-15,5,"""Excellent strategic thinking and execution."""
58,18,2026-06-18,4,"""Reliable and detail-oriented."""
59,19,2026-06-20,3,"""Satisfactory but lacks proactive engagement."""
60,20,2026-06-22,2,"""Needs structured support to improve output."""
61,1,2026-06-25,4,"""Delivers quality work consistently."""
62,2,2026-06-28,3,"""Meets goals but needs improvement in follow-up."""
63,3,2026-07-02,5,"""Outstanding results on key company initiatives."""
64,4,2026-07-05,2,"""Below average productivity this quarter."""
65,5,2026-07-08,4,"""Strong contributor to team success."""
66,6,2026-07-10,3,"""Performance stable but lacks innovation."""
67,7,2026-07-12,5,"""Exceptional leadership and delivery."""
68,8,2026-07-15,4,"""Consistent and dependable team member."""
69,9,2026-07-18,3,"""Average performance; improve efficiency."""
70,10,2026-07-20,2,"""Needs improvement in task priorit"
101,11,2026-07-22,5,"""Exceptional results and strong leadership presence."""
102,12,2026-07-25,4,"""Consistent delivery with strong attention to detail."""
103,13,2026-07-28,3,"""Meets expectations but needs stronger initiative."""
104,14,2026-08-01,2,"""Below target performance this cycle."""
105,15,2026-08-03,4,"""Strong collaboration across departments."""
106,16,2026-08-06,3,"""Steady output; improvement in speed required."""
107,17,2026-08-09,5,"""Outstanding contribution to quarterly objectives."""
108,18,2026-08-12,4,"""Reliable performer with solid results."""
109,19,2026-08-15,3,"""Acceptable work; should improve accuracy."""
110,20,2026-08-18,2,"""Needs closer supervision and coaching."""
111,1,2026-08-20,4,"""Strong ownership of assigned tasks."""
112,2,2026-08-23,3,"""Performance stable; work on communication clarity."""
113,3,2026-08-26,5,"""Exceptional innovation and problem-solving."""
114,4,2026-08-29,2,"""Performance below expected standards."""
115,5,2026-09-01,4,"""Good team engagement and accountability."""
116,6,2026-09-04,3,"""Meets expectations; improvement in deadlines needed."""
117,7,2026-09-07,5,"""Exceeds targets consistently."""
118,8,2026-09-10,4,"""Dependable and proactive contributor."""
119,9,2026-09-13,3,"""Satisfactory but lacks proactive approach."""
120,10,2026-09-16,2,"""Requires mentoring to meet performance goals."""
121,11,2026-09-19,5,"""Strong leadership and exceptional results."""
122,12,2026-09-22,4,"""Consistent high-quality output."""
123,13,2026-09-25,3,"""Adequate performance; improvement needed in efficiency."""
124,14,2026-09-28,2,"""Struggles with prioritizing tasks."""
125,15,2026-10-01,4,"""Positive impact on team productivity."""
126,16,2026-10-04,3,"""Average contribution; growth potential identified."""
127,17,2026-10-07,5,"""Outstanding execution on strategic initiatives."""
128,18,2026-10-10,4,"""Reliable and focused on results."""
129,19,2026-10-13,3,"""Satisfactory but inconsistent performance."""
130,20,2026-10-16,2,"""Needs structured development plan."""
131,1,2026-10-19,4,"""Delivers solid performance consistently."""
132,2,2026-10-22,3,"""Meets targets but lacks initiative."""
133,3,2026-10-25,5,"""Exceptional analytical and leadership skills."""
134,4,2026-10-28,2,"""Below average performance this quarter."""
135,5,2026-11-01,4,"""Strong contributor to department goals."""
136,6,2026-11-04,3,"""Stable output; improvement in quality needed."""
137,7,2026-11-07,5,"""Exceeds expectations consistently."""
138,8,2026-11-10,4,"""Very dependable and meets deadlines."""
139,9,2026-11-13,3,"""Performance acceptable; improve collaboration."""
140,10,2026-11-16,2,"""Needs improvement in core responsibilities."""
141,11,2026-11-19,5,"""Excellent results and leadership."""
142,12,2026-11-22,4,"""Strong performance across multiple projects."""
143,13,2026-11-25,3,"""Meets expectations; growth opportunity exists."""
144,14,2026-11-28,2,"""Requires improvement in consistency."""
145,15,2026-12-01,4,"""Good engagement and productivity."""
146,16,2026-12-04,3,"""Adequate performance; work on communication."""
147,17,2026-12-07,5,"""Outstanding dedication and impact."""
148,18,2026-12-10,4,"""Reliable and focused team player."""
149,19,2026-12-13,3,"""Satisfactory performance overall."""
150,20,2026-12-16,2,"""Needs additional support to improve results."""
151,1,2027-01-05,4,"""Strong start to the year with clear goal alignment."""
152,2,2027-01-08,3,"""Meets expectations; needs to improve response time."""
153,3,2027-01-11,5,"""Exceptional execution of strategic initiatives."""
154,4,2027-01-14,2,"""Performance below target; improvement plan required."""
155,5,2027-01-17,4,"""Consistent and dependable contributor."""
156,6,2027-01-20,3,"""Satisfactory performance; focus on quality control."""
157,7,2027-01-23,5,"""Outstanding results and leadership impact."""
158,8,2027-01-26,4,"""Strong performance across multiple assignments."""
159,9,2027-01-29,3,"""Acceptable performance; improvement needed in planning."""
160,10,2027-02-01,2,"""Needs structured coaching and clearer priorities."""
161,11,2027-02-04,5,"""Consistently exceeds departmental KPIs."""
162,12,2027-02-07,4,"""Reliable output and strong collaboration."""
163,13,2027-02-10,3,"""Meets expectations but lacks proactive engagement."""
164,14,2027-02-13,2,"""Struggles with meeting deadlines consistently."""
165,15,2027-02-16,4,"""Positive influence on team productivity."""
166,16,2027-02-19,3,"""Stable performance; needs skill development."""
167,17,2027-02-22,5,"""Exceptional problem-solving and innovation."""
168,18,2027-02-25,4,"""Strong accountability and ownership."""
169,19,2027-02-28,3,"""Satisfactory but inconsistent performance."""
170,20,2027-03-03,2,"""Below expected standards this cycle."""
171,1,2027-03-06,4,"""Delivers solid results with minimal supervision."""
172,2,2027-03-09,3,"""Adequate output; needs stronger communication."""
173,3,2027-03-12,5,"""Outstanding leadership in project execution."""
174,4,2027-03-15,2,"""Performance concerns; action plan initiated."""
175,5,2027-03-18,4,"""Dependable and maintains high work standards."""
176,6,2027-03-21,3,"""Meets baseline expectations."""
177,7,2027-03-24,5,"""Exceeds targets and mentors junior staff."""
178,8,2027-03-27,4,"""Strong focus and consistent results."""
179,9,2027-03-30,3,"""Performance steady; improvement needed in speed."""
180,10,2027-04-02,2,"""Requires close supervision to meet goals."""
181,11,2027-04-05,5,"""Exceptional commitment and delivery."""
182,12,2027-04-08,4,"""High-quality output with minimal errors."""
183,13,2027-04-11,3,"""Satisfactory results; needs skill enhancement."""
184,14,2027-04-14,2,"""Inconsistent results and missed deadlines."""
185,15,2027-04-17,4,"""Strong teamwork and reliability."""
186,16,2027-04-20,3,"""Meets expectations; improvement in initiative required."""
187,17,2027-04-23,5,"""Outstanding strategic contribution."""
188,18,2027-04-26,4,"""Consistent and productive contributor."""
189,19,2027-04-29,3,"""Average performance; growth potential identified."""
190,20,2027-05-02,2,"""Needs development in core competencies."""
191,1,2027-05-05,4,"""Reliable performer with strong work ethic."""
192,2,2027-05-08,3,"""Maintains standards but lacks initiative."""
193,3,2027-05-11,5,"""Exceptional innovation and execution."""
194,4,2027-05-14,2,"""Performance below expectations this quarter."""
195,5,2027-05-17,4,"""Strong alignment with company objectives."""
196,6,2027-05-20,3,"""Satisfactory performance; needs time management improvement."""
197,7,2027-05-23,5,"""Consistently delivers beyond targets."""
198,8,2027-05-26,4,"""Good analytical and execution skills."""
199,9,2027-05-29,3,"""Stable output; development plan recommended."""
200,10,2027-06-01,2,"""Requires improvement to meet performance benchmarks."""
201,11,2027-06-05,4,"""Strong productivity and positive team impact."""
202,12,2027-06-08,3,"""Meets expectations; needs better prioritization."""
203,13,2027-06-11,5,"""Outstanding delivery and client satisfaction."""
204,14,2027-06-14,2,"""Improvement required in consistency and focus."""
205,15,2027-06-17,4,"""Dependable and proactive in assignments."""
206,16,2027-06-20,3,"""Stable performance; additional training recommended."""
207,17,2027-06-23,5,"""Exceptional leadership and strategic thinking."""
208,18,2027-06-26,4,"""Strong communication and execution."""
209,19,2027-06-29,3,"""Meets baseline targets; growth opportunity identified."""
210,20,2027-07-02,2,"""Needs significant improvement to meet KPIs."""
211,1,2027-07-05,4,"""Consistent performer with strong accountability."""
212,2,2027-07-08,3,"""Satisfactory but lacks initiative."""
213,3,2027-07-11,5,"""Exceeded expectations on major projects."""
214,4,2027-07-14,2,"""Below expected productivity levels."""
215,5,2027-07-17,4,"""Reliable contributor to team success."""
216,6,2027-07-20,3,"""Performance steady; improvement needed in innovation."""
217,7,2027-07-23,5,"""Outstanding mentorship and delivery."""
218,8,2027-07-26,4,"""Maintains high-quality standards."""
219,9,2027-07-29,3,"""Adequate output; needs efficiency improvement."""
220,10,2027-08-01,2,"""Requires structured support for improvement."""
221,11,2027-08-04,5,"""Consistently exceeds performance benchmarks."""
222,12,2027-08-07,4,"""Strong analytical skills and teamwork."""
223,13,2027-08-10,3,"""Meets expectations; skill upgrade recommended."""
224,14,2027-08-13,2,"""Performance below target; corrective action ongoing."""
225,15,2027-08-16,4,"""Positive contribution across multiple initiatives."""
226,16,2027-08-19,3,"""Stable performance; consistency needed."""
227,17,2027-08-22,5,"""Exceptional problem-solving and innovation."""
228,18,2027-08-25,4,"""Reliable and goal-oriented."""
229,19,2027-08-28,3,"""Average output; leadership potential noted."""
230,20,2027-09-01,2,"""Needs improvement in task management."""
231,1,2027-09-04,4,"""Consistent performance with strong ownership."""
232,2,2027-09-07,3,"""Meets expectations but needs stronger follow-through."""
233,3,2027-09-10,5,"""Exceptional achievement in performance metrics."""
234,4,2027-09-13,2,"""Underperformance continues; improvement plan active."""
235,5,2027-09-16,4,"""Strong alignment with business objectives."""
236,6,2027-09-19,3,"""Satisfactory; needs improvement in collaboration."""
237,7,2027-09-22,5,"""Top performer; drives team excellence."""
238,8,2027-09-25,4,"""Dependable and efficient contributor."""
239,9,2027-09-28,3,"""Performance acceptable; training recommended."""
240,10,2027-10-01,2,"""Requires closer supervision to meet goals."""
241,11,2027-10-04,5,"""Outstanding strategic input and delivery."""
242,12,2027-10-07,4,"""Consistent high-quality results."""
243,13,2027-10-10,3,"""Meets baseline KPIs; improvement opportunity identified."""
244,14,2027-10-13,2,"""Below expectations; development required."""
245,15,2027-10-16,4,"""Strong commitment and accountability."""
246,16,2027-10-19,3,"""Average performance; needs growth in initiative."""
247,17,2027-10-22,5,"""Exceptional leadership and delivery."""
248,18,2027-10-25,4,"""Reliable contributor with steady results."""
249,19,2027-10-28,3,"""Performance stable; development plan advised."""
250,20,2027-11-01,2,"""Improvement necessary to meet organizational standards."""
251,1,2027-11-05,4,"""Maintains consistent delivery and professionalism."""
252,2,2027-11-08,3,"""Meets expectations; improvement in initiative needed."""
253,3,2027-11-11,5,"""Exceptional contribution to strategic goals."""
254,4,2027-11-14,2,"""Performance below required benchmarks."""
255,5,2027-11-17,4,"""Strong collaboration and timely execution."""
256,6,2027-11-20,3,"""Satisfactory performance; needs skill enhancement."""
257,7,2027-11-23,5,"""Outstanding leadership and mentoring impact."""
258,8,2027-11-26,4,"""Reliable contributor with high accountability."""
259,9,2027-11-29,3,"""Performance stable; opportunity for growth."""
260,10,2027-12-02,2,"""Needs structured improvement plan."""
261,11,2027-12-05,5,"""Consistently exceeds KPIs and team expectations."""
262,12,2027-12-08,4,"""Strong productivity and positive influence."""
263,13,2027-12-11,3,"""Meets targets; innovation encouraged."""
264,14,2027-12-14,2,"""Below expectations; corrective coaching ongoing."""
265,15,2027-12-17,4,"""Dependable and quality-focused."""
266,16,2027-12-20,3,"""Average performance; needs stronger follow-up."""
267,17,2027-12-23,5,"""Exceptional execution and strategic value."""
268,18,2027-12-26,4,"""Consistent and team-oriented performer."""
269,19,2027-12-29,3,"""Satisfactory output; development recommended."""
270,20,2028-01-02,2,"""Requires improvement to meet performance standards."""
271,1,2028-01-05,4,"""Strong start to the new year; focused and effective."""
272,2,2028-01-08,3,"""Maintains standards; needs proactive communication."""
273,3,2028-01-11,5,"""Top performer with measurable impact."""
274,4,2028-01-14,2,"""Underperformance persists; action plan reviewed."""
275,5,2028-01-17,4,"""Reliable and goal-driven contributor."""
276,6,2028-01-20,3,"""Stable results; improvement in speed required."""
277,7,2028-01-23,5,"""Exceeds expectations consistently."""
278,8,2028-01-26,4,"""High-quality work with minimal supervision."""
279,9,2028-01-29,3,"""Acceptable performance; growth plan advised."""
280,10,2028-02-02,2,"""Performance below acceptable threshold."""
281,11,2028-02-05,5,"""Exceptional initiative and leadership."""
282,12,2028-02-08,4,"""Consistent results and strong collaboration."""
283,13,2028-02-11,3,"""Meets expectations; requires skill advancement."""
284,14,2028-02-14,2,"""Improvement needed in task management."""
285,15,2028-02-17,4,"""Positive contribution to department goals."""
286,16,2028-02-20,3,"""Satisfactory performance; initiative improvement required."""
287,17,2028-02-23,5,"""Outstanding innovation and execution."""
288,18,2028-02-26,4,"""Reliable and detail-oriented."""
289,19,2028-02-29,3,"""Performance steady; development pathway outlined."""
290,20,2028-03-03,2,"""Below standards; further evaluation needed."""
291,1,2028-03-06,4,"""Consistently delivers quality results."""
292,2,2028-03-09,3,"""Adequate output; needs stronger ownership."""
293,3,2028-03-12,5,"""Exceptional results across multiple projects."""
294,4,2028-03-15,2,"""Performance concerns remain unresolved."""
295,5,2028-03-18,4,"""Strong work ethic and reliability."""
296,6,2028-03-21,3,"""Meets baseline targets; training recommended."""
297,7,2028-03-24,5,"""Outstanding contribution and leadership presence."""
298,8,2028-03-27,4,"""High performer with steady impact."""
299,9,2028-03-30,3,"""Average performance; improvement encouraged."""
300,10,2028-04-02,2,"""Needs consistent improvement to sustain role."""